<?xml version="1.0" encoding="utf-8"?>
<ThemeConfig>
  <Name>Port of Jay-Jay's TO Stone Theme</Name>
  <Author>Jay-Jay + Port by danielb</Author>
  <HasInfoPage>true</HasInfoPage>
  <Width>640</Width>
  <HeightY>480</HeightY>
  <Debug>false</Debug>
  <MainPage>
    <BgColor>#000000</BgColor>
    <Elements>
	  <Image type="BG"/>
	  <Image type="FILE">
		<source>main_frame.png</source>
      </Image>
      <Image type="ICO">
        <x>541</x>
        <y>133</y>
		<widthX>64</widthX>
		<heightY>64</heightY>
      </Image>
	  <Image type="COV2">
        <x>306</x>
        <y>218</y>
		<widthX>140</widthX>
		<heightY>200</heightY>
      </Image>
	  <Image type="LAB">
        <x>446</x>
        <y>218</y>
		<widthX>12</widthX>
		<heightY>200</heightY>
		<fallback>label.jpg</fallback>
      </Image>
	  <Image type="COV">
        <x>458</x>
        <y>218</y>
		<widthX>140</widthX>
		<heightY>200</heightY>
      </Image>
	  <GameList>
        <x>34</x>
        <y>80</y>
		<maxWidth>250</maxWidth>
		<maxHeight>335</maxHeight>
        <fontSize>15</fontSize>
		<color>#282828</color>
		<colorSelected>#e6e6e6</colorSelected>
      </GameList>
	  <Text>
			<x>20</x>
			<y>450</y>
			<maxWidth>600</maxWidth>
			<maxHeight>20</maxHeight>
			<fontSize>18</fontSize>
			<color>#e6e6e6</color>
			<align>Center</align>
			<text>{OPLM:Help}</text>
		</Text>
    </Elements>
  </MainPage>
  <InfoPage>
    <BgColor>#000000</BgColor>
    <Elements>
		<Image type="BG"/>
		<Image type="SCR">
			<x>60</x>
			<y>344</y>
			<widthX>150</widthX>
			<heightY>113</heightY>
			<fallback>SCR_L.png</fallback>
		</Image>
		<Image type="SCR2">
			<x>428</x>
			<y>344</y>
			<widthX>150</widthX>
			<heightY>113</heightY>
			<fallback>SCR_R.png</fallback>
		</Image>
		<Image type="FILE">
			<source>info_frame.png</source>
		</Image>
		<Image type="CFG">
			<x>50</x>
			<y>14</y>
			<source>Device</source>
		</Image>
		<Image type="OPLM">
			<x>35</x>
			<y>290</y>
			<source>#Media</source>
		</Image>
		<Image type="OPLM">
			<x>95</x>
			<y>290</y>
			<source>#Format</source>
		</Image>
		<Image type="CFG">
			<x>155</x>
			<y>290</y>
			<source>Vmode</source>
		</Image>
		<Image type="CFG">
			<x>210</x>
			<y>290</y>
			<source>Scan</source>
		</Image>
		<Image type="CFG">
			<x>307</x>
			<y>290</y>
			<source>Aspect</source>
		</Image>
		<Image type="CFG">
			<x>368</x>
			<y>56</y>
			<widthX>78</widthX>
			<heightY>15</heightY>
			<source>Rating</source>
		</Image>
		<Image type="CFG">
			<x>320</x>
			<y>378</y>
			<origin>Center</origin>
			<source>Players</source>
		</Image>
		<Image type="CFG">
			<x>545</x>
			<y>80</y>
			<source>Parental</source>
		</Image>
		<Text>
			<x>30</x>
			<y>85</y>
			<maxWidth>510</maxWidth>
			<maxHeight>18</maxHeight>
			<fontSize>15</fontSize>
			<color>#282828</color>
			<text>Title: {CFG:Title}</text>
		</Text>
		<Text>
			<x>30</x>
			<y>110</y>
			<maxWidth>250</maxWidth>
			<maxHeight>18</maxHeight>
			<fontSize>15</fontSize>
			<color>#282828</color>
			<text>Genre: {CFG:Genre}</text>
		</Text>
		<Text>
			<x>300</x>
			<y>110</y>
			<maxWidth>240</maxWidth>
			<maxHeight>18</maxHeight>
			<fontSize>15</fontSize>
			<color>#282828</color>
			<text>Dev: {CFG:Developer}</text>
		</Text>
		<Text>
			<x>30</x>
			<y>140</y>
			<maxWidth>250</maxWidth>
			<maxHeight>18</maxHeight>
			<fontSize>15</fontSize>
			<color>#282828</color>
			<text>Release: {CFG:Release}</text>
		</Text>
		<Text>
			<x>300</x>
			<y>140</y>
			<maxWidth>240</maxWidth>
			<maxHeight>18</maxHeight>
			<fontSize>15</fontSize>
			<color>#282828</color>
			<text>Cheat: {CFG:Cheat}</text>
		</Text>
		<Text>
			<x>30</x>
			<y>170</y>
			<maxWidth>270</maxWidth>
			<maxHeight>18</maxHeight>
			<fontSize>15</fontSize>
			<color>#282828</color>
			<text>Size: {OPLM:Size} / ID: {OPLM:GameID}</text>
		</Text>
		<Text>
			<x>300</x>
			<y>170</y>
			<maxWidth>310</maxWidth>
			<maxHeight>18</maxHeight>
			<fontSize>15</fontSize>
			<color>#282828</color>
			<text>Notes: {CFG:Notes}</text>
		</Text>
		<Text>
			<x>30</x>
			<y>195</y>
			<maxWidth>580</maxWidth>
			<maxHeight>95</maxHeight>
			<fontSize>15</fontSize>
			<color>#282828</color>
			<text>Description:
			{CFG:Description}</text>
		</Text>
		<Text>
			<x>400</x>
			<y>298</y>
			<maxWidth>210</maxWidth>
			<maxHeight>18</maxHeight>
			<align>Right</align>
			<fontSize>15</fontSize>
			<color>#282828</color>
			<text>Modes: {CFG:Modes}</text>
		</Text>
	</Elements>
  </InfoPage>
</ThemeConfig>